"","Site","Name","rep","CN_weight","Percent.N","Percent.C","Lon","Lat","P_weight","P","bio1","bio2","bio3","bio4","bio5","bio6","bio7","bio8","bio9","bio10","bio11","bio12","bio13","bio14","bio15","bio16","bio17","bio18","bio19","Axis.1","Axis.2","Axis.3","Axis.4","Axis.5","Axis.6","Axis.7","Axis.8","Axis.9","Axis.10"
"1","APB","APB10",1,0.416000009,11.55722332,51.41690445,-73.8569,42.7196,0.688,0.467,84,117,29,9569,283,-111,394,182,-44,204,-44,955,93,58,13,272,195,270,195,-0.0252233581525175,-0.0363756111423777,-0.00553613870389705,0.00348736315494829,0.000209391363842501,8.98134093995496e-07,6.61583486584416e-06,-0.00108048315992375,6.02481062111742e-05,1.3235757280723e-05
"2","APB","APB10",2,0.483999997,11.66961956,52.9846077,-73.8569,42.7196,0.388,0.301,84,117,29,9569,283,-111,394,182,-44,204,-44,955,93,58,13,272,195,270,195,-0.0252233581525175,-0.0363756111423777,-0.00553613870389705,0.00348736315494829,0.000209391363842501,8.98134093995496e-07,6.61583486584416e-06,-0.00108048315992375,6.02481062111742e-05,1.3235757280723e-05
"3","APB","APB10",3,0.421999991,10.19817734,54.3344574,-73.8569,42.7196,0.444,0.26,84,117,29,9569,283,-111,394,182,-44,204,-44,955,93,58,13,272,195,270,195,-0.0252233581525175,-0.0363756111423777,-0.00553613870389705,0.00348736315494829,0.000209391363842501,8.98134093995496e-07,6.61583486584416e-06,-0.00108048315992375,6.02481062111742e-05,1.3235757280723e-05
"4","APB","APB10",4,0.620999992,10.53434086,55.52376175,-73.8569,42.7196,0.504,0.406,84,117,29,9569,283,-111,394,182,-44,204,-44,955,93,58,13,272,195,270,195,-0.0252233581525175,-0.0363756111423777,-0.00553613870389705,0.00348736315494829,0.000209391363842501,8.98134093995496e-07,6.61583486584416e-06,-0.00108048315992375,6.02481062111742e-05,1.3235757280723e-05
"5","APB","APB10",5,0.646000028,9.581285477,57.86336899,-73.8569,42.7196,0.526,0.444,84,117,29,9569,283,-111,394,182,-44,204,-44,955,93,58,13,272,195,270,195,-0.0252233581525175,-0.0363756111423777,-0.00553613870389705,0.00348736315494829,0.000209391363842501,8.98134093995496e-07,6.61583486584416e-06,-0.00108048315992375,6.02481062111742e-05,1.3235757280723e-05
"6","APB","APB10",6,0.333999991,9.558167458,57.0145607,-73.8569,42.7196,0.507,0.475,84,117,29,9569,283,-111,394,182,-44,204,-44,955,93,58,13,272,195,270,195,-0.0252233581525175,-0.0363756111423777,-0.00553613870389705,0.00348736315494829,0.000209391363842501,8.98134093995496e-07,6.61583486584416e-06,-0.00108048315992375,6.02481062111742e-05,1.3235757280723e-05
"7","APB","APB3",1,0.374000013,9.325390816,55.8381691,-73.8569,42.7196,0.383,0.343,84,117,29,9569,283,-111,394,182,-44,204,-44,955,93,58,13,272,195,270,195,NA,NA,NA,NA,NA,NA,NA,NA,NA,NA
"8","APB","APB3",2,0.425000012,9.415559769,56.18628311,-73.8569,42.7196,0.516,0.382,84,117,29,9569,283,-111,394,182,-44,204,-44,955,93,58,13,272,195,270,195,NA,NA,NA,NA,NA,NA,NA,NA,NA,NA
"9","APB","APB3",3,0.442999989,9.016492844,58.35673141,-73.8569,42.7196,NA,NA,84,117,29,9569,283,-111,394,182,-44,204,-44,955,93,58,13,272,195,270,195,NA,NA,NA,NA,NA,NA,NA,NA,NA,NA
"10","APB","APB6",1,0.344000012,11.06208611,53.33930588,-73.8569,42.7196,0.371,0.358,84,117,29,9569,283,-111,394,182,-44,204,-44,955,93,58,13,272,195,270,195,-0.0269335736240958,-0.038079985918007,-0.00748450608035879,0.00467027396672018,0.00179714153009235,-2.60378677031555e-05,6.06980902718015e-06,-0.00223726401316402,0.00191916315500048,0.000226610510210921
"11","APB","APB6",2,0.39199999,11.09262276,54.09393311,-73.8569,42.7196,0.37,0.317,84,117,29,9569,283,-111,394,182,-44,204,-44,955,93,58,13,272,195,270,195,-0.0269335736240958,-0.038079985918007,-0.00748450608035879,0.00467027396672018,0.00179714153009235,-2.60378677031555e-05,6.06980902718015e-06,-0.00223726401316402,0.00191916315500048,0.000226610510210921
"12","APB","APB6",3,0.42899999,10.3271637,56.65911865,-73.8569,42.7196,0.369,0.313,84,117,29,9569,283,-111,394,182,-44,204,-44,955,93,58,13,272,195,270,195,-0.0269335736240958,-0.038079985918007,-0.00748450608035879,0.00467027396672018,0.00179714153009235,-2.60378677031555e-05,6.06980902718015e-06,-0.00223726401316402,0.00191916315500048,0.000226610510210921
"13","APB","APB7",1,0.442999989,9.984457016,56.19062042,-73.8569,42.7196,0.528,0.389,84,117,29,9569,283,-111,394,182,-44,204,-44,955,93,58,13,272,195,270,195,-0.0283426312097097,-0.0400445799764718,-0.00938331711459707,0.00597364758573808,0.00311867352450395,-8.19500113602865e-05,3.35204313302328e-05,-0.00126497281296182,0.00140457193557988,0.000448687619314986
"14","APB","APB7",2,0.382999986,10.14987946,57.20576096,-73.8569,42.7196,0.619,0.5,84,117,29,9569,283,-111,394,182,-44,204,-44,955,93,58,13,272,195,270,195,-0.0283426312097097,-0.0400445799764718,-0.00938331711459707,0.00597364758573808,0.00311867352450395,-8.19500113602865e-05,3.35204313302328e-05,-0.00126497281296182,0.00140457193557988,0.000448687619314986
"15","Bard","Bard3",1,0.799000025,9.974023819,56.0220871,-73.9169,42.0177,0.641,0.453,94,125,32,9271,291,-99,390,188,-18,210,-31,1058,104,69,11,299,226,287,231,-0.0232497433622031,-0.0338239006520933,-0.00298849872013169,0.00178721373379838,-0.00162546221639005,5.76742413637821e-05,-1.60581243413266e-05,-0.00142052310704933,0.00010124451590157,-0.000165208618516415
"16","Bard","Bard3",2,0.623000026,10.16062546,55.03343201,-73.9169,42.0177,NA,NA,94,125,32,9271,291,-99,390,188,-18,210,-31,1058,104,69,11,299,226,287,231,-0.0232497433622031,-0.0338239006520933,-0.00298849872013169,0.00178721373379838,-0.00162546221639005,5.76742413637821e-05,-1.60581243413266e-05,-0.00142052310704933,0.00010124451590157,-0.000165208618516415
"17","Bard","Bard5",1,0.861999989,9.702804565,57.67898178,-73.9169,42.0177,0.835,0.515,94,125,32,9271,291,-99,390,188,-18,210,-31,1058,104,69,11,299,226,287,231,0.325939789932962,0.0047206362204027,0.00216925709229006,0.000503107724948184,-0.0017987711587777,-3.82243789762345e-05,1.79375948926528e-05,3.81578618719126e-05,0.000104973165650736,0.000246285607100789
"18","Bard","Bard5",2,0.847000003,8.508730888,59.65448761,-73.9169,42.0177,0.841,0.551,94,125,32,9271,291,-99,390,188,-18,210,-31,1058,104,69,11,299,226,287,231,0.325939789932962,0.0047206362204027,0.00216925709229006,0.000503107724948184,-0.0017987711587777,-3.82243789762345e-05,1.79375948926528e-05,3.81578618719126e-05,0.000104973165650736,0.000246285607100789
"19","Bard","Bard5",3,0.898999989,8.907915115,59.84795761,-73.9169,42.0177,NA,NA,94,125,32,9271,291,-99,390,188,-18,210,-31,1058,104,69,11,299,226,287,231,0.325939789932962,0.0047206362204027,0.00216925709229006,0.000503107724948184,-0.0017987711587777,-3.82243789762345e-05,1.79375948926528e-05,3.81578618719126e-05,0.000104973165650736,0.000246285607100789
"20","Bear","Bear4",1,0.426999986,10.68909168,54.38018036,-71.3464,43.0975,0.563,0.49,73,125,31,9333,271,-124,395,27,-39,191,-52,1093,114,78,9,305,245,271,255,NA,NA,NA,NA,NA,NA,NA,NA,NA,NA
"21","Bear","Bear4",2,0.458000004,10.37507725,54.180439,-71.3464,43.0975,0.512,0.554,73,125,31,9333,271,-124,395,27,-39,191,-52,1093,114,78,9,305,245,271,255,NA,NA,NA,NA,NA,NA,NA,NA,NA,NA
"22","Bear","Bear6",1,0.418000013,10.08599949,54.4538269,-71.3464,43.0975,0.558,0.452,73,125,31,9333,271,-124,395,27,-39,191,-52,1093,114,78,9,305,245,271,255,-0.0274764666234516,-0.0387734387084558,-0.00819283259857724,0.00514603659377791,0.00232134802836788,-5.20213276851573e-05,5.53559567640265e-06,0.00693739227287083,-0.000549033947025438,0.000203840842955971
"23","Bear","Bear6",2,0.495999992,10.5868721,55.19591141,-71.3464,43.0975,NA,NA,73,125,31,9333,271,-124,395,27,-39,191,-52,1093,114,78,9,305,245,271,255,-0.0274764666234516,-0.0387734387084558,-0.00819283259857724,0.00514603659377791,0.00232134802836788,-5.20213276851573e-05,5.53559567640265e-06,0.00693739227287083,-0.000549033947025438,0.000203840842955971
"24","Bear","Bear7",1,0.418000013,10.94531059,54.23210526,-71.3464,43.0975,0.385,0.321,73,125,31,9333,271,-124,395,27,-39,191,-52,1093,114,78,9,305,245,271,255,-0.0232165162421485,-0.0338483063810458,-0.00298427340284404,0.00180172711907972,-0.00164916347659105,5.45615381552393e-05,-1.97962387485646e-05,0.00304001535327238,-0.00113188951407737,-0.000226948087837435
"25","Bear","Bear7",2,0.379000008,11.16112232,54.13697052,-71.3464,43.0975,0.353,0.346,73,125,31,9333,271,-124,395,27,-39,191,-52,1093,114,78,9,305,245,271,255,-0.0232165162421485,-0.0338483063810458,-0.00298427340284404,0.00180172711907972,-0.00164916347659105,5.45615381552393e-05,-1.97962387485646e-05,0.00304001535327238,-0.00113188951407737,-0.000226948087837435
"26","Bear","Bear7",3,0.419999987,11.50795841,54.4645195,-71.3464,43.0975,NA,NA,73,125,31,9333,271,-124,395,27,-39,191,-52,1093,114,78,9,305,245,271,255,-0.0232165162421485,-0.0338483063810458,-0.00298427340284404,0.00180172711907972,-0.00164916347659105,5.45615381552393e-05,-1.97962387485646e-05,0.00304001535327238,-0.00113188951407737,-0.000226948087837435
"27","Brad","Brad3",1,0.418000013,10.37378502,55.06241989,-68.5284,44.9341,0.433,0.373,60,118,29,9649,260,-141,401,16,-13,181,-70,1080,118,81,12,317,247,251,275,-0.0193726450134711,-0.0293915427863519,0.00170912769516608,-0.00120952767493618,-0.00521010141358026,0.000138265273739116,-3.78472161872913e-05,-0.000305703847155538,-0.0014107358986973,-0.000509326608008415
"28","Brad","Brad3",2,0.337000012,10.85506821,54.39360809,-68.5284,44.9341,NA,NA,60,118,29,9649,260,-141,401,16,-13,181,-70,1080,118,81,12,317,247,251,275,-0.0193726450134711,-0.0293915427863519,0.00170912769516608,-0.00120952767493618,-0.00521010141358026,0.000138265273739116,-3.78472161872913e-05,-0.000305703847155538,-0.0014107358986973,-0.000509326608008415
"29","Brad","Brad4",1,0.615999997,10.03223705,56.60829926,-68.5284,44.9341,0.518,0.416,60,118,29,9649,260,-141,401,16,-13,181,-70,1080,118,81,12,317,247,251,275,-0.0231677536568619,-0.0336337643670877,-0.00284107077271532,0.00167032437999554,-0.00170040016466517,6.63345016961327e-05,-2.57662342959208e-05,0.000315444009019813,0.00150585412746292,0.00014763962184431
"30","Brad","Brad4",2,0.545000017,10.68831348,55.06076431,-68.5284,44.9341,0.589,0.469,60,118,29,9649,260,-141,401,16,-13,181,-70,1080,118,81,12,317,247,251,275,-0.0231677536568619,-0.0336337643670877,-0.00284107077271532,0.00167032437999554,-0.00170040016466517,6.63345016961327e-05,-2.57662342959208e-05,0.000315444009019813,0.00150585412746292,0.00014763962184431
"31","Brad","Brad4",3,0.644999981,9.723344803,57.99232483,-68.5284,44.9341,0.592,0.458,60,118,29,9649,260,-141,401,16,-13,181,-70,1080,118,81,12,317,247,251,275,-0.0231677536568619,-0.0336337643670877,-0.00284107077271532,0.00167032437999554,-0.00170040016466517,6.63345016961327e-05,-2.57662342959208e-05,0.000315444009019813,0.00150585412746292,0.00014763962184431
"32","BRM","BRM2",1,0.35800001,9.395974159,54.50517654,-74.0261,41.4039,NA,NA,88,107,29,8998,271,-90,361,134,-32,201,-32,1223,112,82,9,323,269,319,269,-0.0255841364463378,-0.0364679488575901,-0.0058129160094095,0.00358665424419992,0.000547004593327275,2.12070355500997e-06,-6.10205616128468e-07,-0.00138467034101853,0.000238516932637431,-9.83651884410503e-05
"33","BRM","BRM2",2,0.388000011,9.695674896,56.60834503,-74.0261,41.4039,NA,NA,88,107,29,8998,271,-90,361,134,-32,201,-32,1223,112,82,9,323,269,319,269,-0.0255841364463378,-0.0364679488575901,-0.0058129160094095,0.00358665424419992,0.000547004593327275,2.12070355500997e-06,-6.10205616128468e-07,-0.00138467034101853,0.000238516932637431,-9.83651884410503e-05
"34","BRM","BRM3",1,0.446999997,10.37974739,54.08055115,-74.0261,41.4039,0.443,0.38,88,107,29,8998,271,-90,361,134,-32,201,-32,1223,112,82,9,323,269,319,269,-0.0211004855243684,-0.0313485662583028,-0.000375636560958852,0.000116211188890391,-0.0036117597034614,0.000101998156257127,-2.73950996013408e-05,-0.00122879847080821,-0.000854861019029631,-0.000412061326477186
"35","BRM","BRM3",2,0.458000004,9.970912933,54.45859909,-74.0261,41.4039,0.393,0.338,88,107,29,8998,271,-90,361,134,-32,201,-32,1223,112,82,9,323,269,319,269,-0.0211004855243684,-0.0313485662583028,-0.000375636560958852,0.000116211188890391,-0.0036117597034614,0.000101998156257127,-2.73950996013408e-05,-0.00122879847080821,-0.000854861019029631,-0.000412061326477186
"36","BRM","BRM3",3,0.432000011,9.781691551,55.60445786,-74.0261,41.4039,NA,NA,88,107,29,8998,271,-90,361,134,-32,201,-32,1223,112,82,9,323,269,319,269,-0.0211004855243684,-0.0313485662583028,-0.000375636560958852,0.000116211188890391,-0.0036117597034614,0.000101998156257127,-2.73950996013408e-05,-0.00122879847080821,-0.000854861019029631,-0.000412061326477186
"37","BRM","BRM4",1,0.537999988,10.34296608,55.91828156,-74.0261,41.4039,0.583,0.426,88,107,29,8998,271,-90,361,134,-32,201,-32,1223,112,82,9,323,269,319,269,-0.025525031035879,-0.0363976980360174,-0.00573884043185927,0.00353828488039315,0.000490473035967622,5.18948823416288e-06,-2.2246932788423e-06,-0.00128304858468106,0.000357705098344785,-8.00456962609482e-05
"38","BRM","BRM4",2,0.47299999,11.31535244,53.6738739,-74.0261,41.4039,0.423,0.39,88,107,29,8998,271,-90,361,134,-32,201,-32,1223,112,82,9,323,269,319,269,-0.025525031035879,-0.0363976980360174,-0.00573884043185927,0.00353828488039315,0.000490473035967622,5.18948823416288e-06,-2.2246932788423e-06,-0.00128304858468106,0.000357705098344785,-8.00456962609482e-05
"39","BRM","BRM4",3,0.578999996,9.743928909,56.27950668,-74.0261,41.4039,0.718,0.443,88,107,29,8998,271,-90,361,134,-32,201,-32,1223,112,82,9,323,269,319,269,-0.025525031035879,-0.0363976980360174,-0.00573884043185927,0.00353828488039315,0.000490473035967622,5.18948823416288e-06,-2.2246932788423e-06,-0.00128304858468106,0.000357705098344785,-8.00456962609482e-05
"40","BRM","BRM7",1,0.526000023,10.29907799,55.2557373,-74.0261,41.4039,NA,NA,88,107,29,8998,271,-90,361,134,-32,201,-32,1223,112,82,9,323,269,319,269,-0.0231622070283972,-0.0336917393659074,-0.00286663192683921,0.00170198743971442,-0.00170579113774365,5.99388080193308e-05,-1.69740294706048e-05,-0.00113312452219933,-0.000335669380885402,-0.000261746388755536
"41","BRM","BRM7",2,0.579999983,10.07661438,55.2474823,-74.0261,41.4039,NA,NA,88,107,29,8998,271,-90,361,134,-32,201,-32,1223,112,82,9,323,269,319,269,-0.0231622070283972,-0.0336917393659074,-0.00286663192683921,0.00170198743971442,-0.00170579113774365,5.99388080193308e-05,-1.69740294706048e-05,-0.00113312452219933,-0.000335669380885402,-0.000261746388755536
"42","BRM","BRM8",1,0.670000017,11.21178436,54.02076721,-74.0261,41.4039,NA,NA,88,107,29,8998,271,-90,361,134,-32,201,-32,1223,112,82,9,323,269,319,269,-0.0248694243434907,-0.0355725013356959,-0.00490514713785218,0.00298776731895149,-0.000117534241749075,2.74663632594641e-05,-1.7017908444629e-05,0.000642102096969454,0.00259993270003799,0.000427657600612973
"43","BRM","BRM8",2,0.586000025,10.99468708,54.16356277,-74.0261,41.4039,NA,NA,88,107,29,8998,271,-90,361,134,-32,201,-32,1223,112,82,9,323,269,319,269,-0.0248694243434907,-0.0355725013356959,-0.00490514713785218,0.00298776731895149,-0.000117534241749075,2.74663632594641e-05,-1.7017908444629e-05,0.000642102096969454,0.00259993270003799,0.000427657600612973
"44","BRP","BRP6",1,0.54400003,10.45864105,54.38050079,-81.9538,35.9264,0.504,0.39,104,125,39,7057,260,-60,320,176,26,193,10,1445,139,103,9,392,319,389,319,-0.0270466664947331,-0.038261910372044,-0.00765268198289553,0.0047923046947738,0.00190917782500267,-3.60745060424094e-05,1.11330502935967e-05,-0.00440144636813949,0.00648008801093106,0.00131291715952379
"45","BRP","BRP6",2,0.381999999,12.09492588,52.10557556,-81.9538,35.9264,NA,NA,104,125,39,7057,260,-60,320,176,26,193,10,1445,139,103,9,392,319,389,319,-0.0270466664947331,-0.038261910372044,-0.00765268198289553,0.0047923046947738,0.00190917782500267,-3.60745060424094e-05,1.11330502935967e-05,-0.00440144636813949,0.00648008801093106,0.00131291715952379
"46","BRP","BRP6",3,0.601999998,9.790852547,56.85645676,-81.9538,35.9264,NA,NA,104,125,39,7057,260,-60,320,176,26,193,10,1445,139,103,9,392,319,389,319,-0.0270466664947331,-0.038261910372044,-0.00765268198289553,0.0047923046947738,0.00190917782500267,-3.60745060424094e-05,1.11330502935967e-05,-0.00440144636813949,0.00648008801093106,0.00131291715952379
"47","BRP","BRP7",1,0.389999986,10.0232296,55.28336334,-81.9538,35.9264,0.469,0.221,104,125,39,7057,260,-60,320,176,26,193,10,1445,139,103,9,392,319,389,319,NA,NA,NA,NA,NA,NA,NA,NA,NA,NA
"48","BRP","BRP7",2,0.472000003,10.43887806,54.93320084,-81.9538,35.9264,0.365,0.282,104,125,39,7057,260,-60,320,176,26,193,10,1445,139,103,9,392,319,389,319,NA,NA,NA,NA,NA,NA,NA,NA,NA,NA
"49","BRP","BRP7",3,0.381000012,12.19059849,52.19455719,-81.9538,35.9264,0.459,0.313,104,125,39,7057,260,-60,320,176,26,193,10,1445,139,103,9,392,319,389,319,NA,NA,NA,NA,NA,NA,NA,NA,NA,NA
"50","BRP","BRP8",1,0.558000028,9.833949089,55.48188782,-81.9538,35.9264,0.555,0.444,104,125,39,7057,260,-60,320,176,26,193,10,1445,139,103,9,392,319,389,319,-0.0270604664406336,-0.0382433141898044,-0.00766092009881867,0.00479300876831143,0.00193710802797752,-4.6063243436721e-05,1.50504039535551e-05,-0.00380506285573741,0.00605532831201344,0.00128717752210589
"51","BRP","BRP8",2,0.595000029,10.58555889,54.85196304,-81.9538,35.9264,0.541,0.449,104,125,39,7057,260,-60,320,176,26,193,10,1445,139,103,9,392,319,389,319,-0.0270604664406336,-0.0382433141898044,-0.00766092009881867,0.00479300876831143,0.00193710802797752,-4.6063243436721e-05,1.50504039535551e-05,-0.00380506285573741,0.00605532831201344,0.00128717752210589
"52","BRP","BRP9",1,0.479999989,10.54905415,54.56363678,-81.9538,35.9264,0.441,0.385,104,125,39,7057,260,-60,320,176,26,193,10,1445,139,103,9,392,319,389,319,-0.0222904092166796,-0.0327083474823322,-0.00181405026213277,0.00103237962073573,-0.00251675171778281,8.05160473843578e-05,-2.25037995747703e-05,-0.00100867768464789,-0.000822160584794993,-0.000379198886947506
"53","BRP","BRP9",2,0.555000007,10.69459248,54.07659531,-81.9538,35.9264,0.496,0.381,104,125,39,7057,260,-60,320,176,26,193,10,1445,139,103,9,392,319,389,319,-0.0222904092166796,-0.0327083474823322,-0.00181405026213277,0.00103237962073573,-0.00251675171778281,8.05160473843578e-05,-2.25037995747703e-05,-0.00100867768464789,-0.000822160584794993,-0.000379198886947506
"54","BRP","BRP9",3,0.430000007,10.85241604,54.3055191,-81.9538,35.9264,NA,NA,104,125,39,7057,260,-60,320,176,26,193,10,1445,139,103,9,392,319,389,319,-0.0222904092166796,-0.0327083474823322,-0.00181405026213277,0.00103237962073573,-0.00251675171778281,8.05160473843578e-05,-2.25037995747703e-05,-0.00100867768464789,-0.000822160584794993,-0.000379198886947506
"55","DSF","DSF11",1,0.597000003,10.43640518,55.3820076,-75.6117,41.2979,0.636,0.519,74,113,30,8901,259,-107,366,165,-33,185,-45,1104,109,70,14,321,223,312,225,-0.0232549669017542,-0.0338331886012784,-0.00300142107982582,0.00179836617929562,-0.00161226393310179,4.76254406819208e-05,-7.40032696579849e-06,-0.00204351784552856,-0.00167793046305083,-0.000506632744269559
"56","DSF","DSF11",2,0.532999992,10.75691032,55.56105804,-75.6117,41.2979,0.705,0.539,74,113,30,8901,259,-107,366,165,-33,185,-45,1104,109,70,14,321,223,312,225,-0.0232549669017542,-0.0338331886012784,-0.00300142107982582,0.00179836617929562,-0.00161226393310179,4.76254406819208e-05,-7.40032696579849e-06,-0.00204351784552856,-0.00167793046305083,-0.000506632744269559
"57","DSF","DSF11",3,0.518000007,10.2298708,56.6604805,-75.6117,41.2979,NA,NA,74,113,30,8901,259,-107,366,165,-33,185,-45,1104,109,70,14,321,223,312,225,-0.0232549669017542,-0.0338331886012784,-0.00300142107982582,0.00179836617929562,-0.00161226393310179,4.76254406819208e-05,-7.40032696579849e-06,-0.00204351784552856,-0.00167793046305083,-0.000506632744269559
"58","DW","DW1",1,0.532999992,9.760878563,56.66667938,-83.4919,35.6394,NA,NA,95,124,38,7073,250,-68,318,14,103,183,1,1686,171,111,10,457,373,428,428,NA,NA,NA,NA,NA,NA,NA,NA,NA,NA
"59","DW","DW1",2,0.526000023,7.115240574,62.30765533,-83.4919,35.6394,NA,NA,95,124,38,7073,250,-68,318,14,103,183,1,1686,171,111,10,457,373,428,428,NA,NA,NA,NA,NA,NA,NA,NA,NA,NA
"60","DW","DW1",3,0.463,9.219600677,57.50362396,-83.4919,35.6394,NA,NA,95,124,38,7073,250,-68,318,14,103,183,1,1686,171,111,10,457,373,428,428,NA,NA,NA,NA,NA,NA,NA,NA,NA,NA
"61","HSP","HSP04",1,0.5,6.756186008,58.70006943,-75.71728,41.022,0.414,0.429,82,115,31,8832,268,-96,364,172,-24,193,-35,1146,114,72,14,334,231,326,235,-0.0203053856718908,-0.0297764692082003,0.000950161721910506,-0.000902669140659835,-0.00438888196098322,0.000164155200964195,-6.37498569092111e-05,-0.000777459621580841,-0.00102811746638291,-0.000765377942026018
"62","HSP","HSP04",2,0.536000013,6.447823048,59.925457,-75.71728,41.022,0.497,0.287,82,115,31,8832,268,-96,364,172,-24,193,-35,1146,114,72,14,334,231,326,235,-0.0203053856718908,-0.0297764692082003,0.000950161721910506,-0.000902669140659835,-0.00438888196098322,0.000164155200964195,-6.37498569092111e-05,-0.000777459621580841,-0.00102811746638291,-0.000765377942026018
"63","HSP","HSP04",3,0.574999988,6.840722561,59.84908676,-75.71728,41.022,0.52,0.303,82,115,31,8832,268,-96,364,172,-24,193,-35,1146,114,72,14,334,231,326,235,-0.0203053856718908,-0.0297764692082003,0.000950161721910506,-0.000902669140659835,-0.00438888196098322,0.000164155200964195,-6.37498569092111e-05,-0.000777459621580841,-0.00102811746638291,-0.000765377942026018
"64","HSP","HSP1",1,0.469999999,8.363787651,55.55418777,-75.71728,41.022,0.419,0.327,82,115,31,8832,268,-96,364,172,-24,193,-35,1146,114,72,14,334,231,326,235,-0.027218205396991,-0.0387239952389928,-0.00799512909059673,0.00507601347190675,0.00206587790365784,-4.91728002819488e-05,2.25295529367162e-05,-0.00121394807477459,0.000809338196461012,0.000251613561300681
"65","HSP","HSP1",2,0.465999991,8.822353363,57.19489288,-75.71728,41.022,0.52,0.38,82,115,31,8832,268,-96,364,172,-24,193,-35,1146,114,72,14,334,231,326,235,-0.027218205396991,-0.0387239952389928,-0.00799512909059673,0.00507601347190675,0.00206587790365784,-4.91728002819488e-05,2.25295529367162e-05,-0.00121394807477459,0.000809338196461012,0.000251613561300681
"66","HSP","HSP1",3,0.503000021,7.999073505,57.59737015,-75.71728,41.022,0.445,0.33,82,115,31,8832,268,-96,364,172,-24,193,-35,1146,114,72,14,334,231,326,235,-0.027218205396991,-0.0387239952389928,-0.00799512909059673,0.00507601347190675,0.00206587790365784,-4.91728002819488e-05,2.25295529367162e-05,-0.00121394807477459,0.000809338196461012,0.000251613561300681
"67","HSP","HSP6",1,0.630999982,9.502994537,55.48365021,-75.71728,41.022,0.396,0.364,82,115,31,8832,268,-96,364,172,-24,193,-35,1146,114,72,14,334,231,326,235,-0.0263000635122404,-0.0376434429882121,-0.00686294637341801,0.0043443957521455,0.0012104478387331,-2.55338645811485e-05,1.49572827386489e-05,-0.00115431375383689,0.000446393955586835,0.000135582627008391
"68","HSP","HSP6",2,0.351999998,10.01893902,54.0956192,-75.71728,41.022,0.476,0.359,82,115,31,8832,268,-96,364,172,-24,193,-35,1146,114,72,14,334,231,326,235,-0.0263000635122404,-0.0376434429882121,-0.00686294637341801,0.0043443957521455,0.0012104478387331,-2.55338645811485e-05,1.49572827386489e-05,-0.00115431375383689,0.000446393955586835,0.000135582627008391
"69","KBH","KBH2",1,0.354000002,10.09519577,55.67253113,-69.9211,44.5676,0.366,0.242,58,121,29,9792,259,-149,408,12,-61,180,-74,1127,116,75,10,317,249,281,258,-0.0244453768134728,-0.0352674403886196,-0.00448208071717461,0.00276143106182996,-0.000510370949717751,2.79946338386644e-05,-1.39054524501167e-05,0.00387883806188456,-0.00100737118888592,-0.000142148056471544
"70","KBH","KBH5",1,0.437000006,8.956402779,56.27545166,-69.9211,44.5676,0.413,0.344,58,121,29,9792,259,-149,408,12,-61,180,-74,1127,116,75,10,317,249,281,258,-0.0252339219544638,-0.0361945928636785,-0.00545432585337381,0.00338956070393547,0.000224966506142635,7.8590056413475e-06,-9.9432234117837e-06,0.00539794871753357,-0.00106528640440552,-5.98517079939204e-05
"71","KBH","KBH5",2,0.583999991,9.619184494,56.83148193,-69.9211,44.5676,0.676,0.507,58,121,29,9792,259,-149,408,12,-61,180,-74,1127,116,75,10,317,249,281,258,-0.0252339219544638,-0.0361945928636785,-0.00545432585337381,0.00338956070393547,0.000224966506142635,7.8590056413475e-06,-9.9432234117837e-06,0.00539794871753357,-0.00106528640440552,-5.98517079939204e-05
"72","KBH","KBH5",3,0.790000021,9.768366814,56.97221756,-69.9211,44.5676,0.523,0.466,58,121,29,9792,259,-149,408,12,-61,180,-74,1127,116,75,10,317,249,281,258,-0.0252339219544638,-0.0361945928636785,-0.00545432585337381,0.00338956070393547,0.000224966506142635,7.8590056413475e-06,-9.9432234117837e-06,0.00539794871753357,-0.00106528640440552,-5.98517079939204e-05
"73","KBH","KBH5",4,0.5,10.47266579,55.35970688,-69.9211,44.5676,0.571,0.492,58,121,29,9792,259,-149,408,12,-61,180,-74,1127,116,75,10,317,249,281,258,-0.0252339219544638,-0.0361945928636785,-0.00545432585337381,0.00338956070393547,0.000224966506142635,7.8590056413475e-06,-9.9432234117837e-06,0.00539794871753357,-0.00106528640440552,-5.98517079939204e-05
"74","KBH","KBH6",1,0.48300001,9.312464714,55.9833107,-69.9211,44.5676,0.536,0.469,58,121,29,9792,259,-149,408,12,-61,180,-74,1127,116,75,10,317,249,281,258,-0.0237563577722087,-0.034654338510965,-0.00373531035515088,0.00232726116233303,-0.0011482167226532,3.30285044456649e-05,-2.77496898848174e-06,-0.00103890330821165,-0.000346973287014267,-0.000112945834819862
"75","KBH","KBH6",2,0.462000012,9.730535507,57.0255394,-69.9211,44.5676,0.459,0.426,58,121,29,9792,259,-149,408,12,-61,180,-74,1127,116,75,10,317,249,281,258,-0.0237563577722087,-0.034654338510965,-0.00373531035515088,0.00232726116233303,-0.0011482167226532,3.30285044456649e-05,-2.77496898848174e-06,-0.00103890330821165,-0.000346973287014267,-0.000112945834819862
"76","KBH","KBH8",1,0.448000014,7.621504784,59.6468544,-69.9211,44.5676,NA,NA,58,121,29,9792,259,-149,408,12,-61,180,-74,1127,116,75,10,317,249,281,258,-0.0255735330535965,-0.0365706565694739,-0.0058592590201729,0.00364473583632724,0.000538351971657621,1.74022410301017e-06,-7.87639341182256e-06,0.0047490351560735,-0.000872366334086026,-4.91959688489979e-05
"77","LGP","LGP3",1,0.411000013,9.851780891,55.01502991,-83.4919,35.6394,0.467,0.385,95,124,38,7073,250,-68,318,14,103,183,1,1686,171,111,10,457,373,428,428,-0.0242826576465764,-0.0350434721695839,-0.00426922422852709,0.00261767351225392,-0.000654317745508777,2.56897452496334e-05,-5.74722744705384e-06,-0.00279673956379839,0.00315248550409732,0.000559266622421761
"78","LGP","LGP3",2,0.463,10.12647152,54.66915512,-83.4919,35.6394,0.444,0.405,95,124,38,7073,250,-68,318,14,103,183,1,1686,171,111,10,457,373,428,428,-0.0242826576465764,-0.0350434721695839,-0.00426922422852709,0.00261767351225392,-0.000654317745508777,2.56897452496334e-05,-5.74722744705384e-06,-0.00279673956379839,0.00315248550409732,0.000559266622421761
"79","LGP","LGP5",1,0.582000017,9.718580246,55.69744492,-83.4919,35.6394,0.488,0.452,95,124,38,7073,250,-68,318,14,103,183,1,1686,171,111,10,457,373,428,428,-0.0269252990739639,-0.0380895496345129,-0.00749602707638648,0.00468737020584055,0.00180958421344178,-4.16373782867685e-05,1.36611320911254e-05,-0.00379796328783974,0.00593933030043801,0.00125186425564891
"80","LGP","LGP5",2,0.467000008,10.10174179,55.76469421,-83.4919,35.6394,0.447,0.387,95,124,38,7073,250,-68,318,14,103,183,1,1686,171,111,10,457,373,428,428,-0.0269252990739639,-0.0380895496345129,-0.00749602707638648,0.00468737020584055,0.00180958421344178,-4.16373782867685e-05,1.36611320911254e-05,-0.00379796328783974,0.00593933030043801,0.00125186425564891
"81","Ljams","Ljams1",1,0.365999997,10.26124573,52.94134903,-83.8668,35.9568,0.555,0.511,142,125,36,7859,308,-30,338,53,199,240,37,1253,129,74,14,345,254,324,331,-0.0340919876990113,0.0455888999856542,0.00239722805897852,0.00857503172700187,0.00603188614449365,-0.0101091528350015,-0.000797449895418318,3.57459766203896e-05,0.000195048128789339,-0.00101370259375023
"82","Ljams","Ljams1",2,0.509000003,10.72321606,54.28677368,-83.8668,35.9568,0.487,0.437,142,125,36,7859,308,-30,338,53,199,240,37,1253,129,74,14,345,254,324,331,-0.0340919876990113,0.0455888999856542,0.00239722805897852,0.00857503172700187,0.00603188614449365,-0.0101091528350015,-0.000797449895418318,3.57459766203896e-05,0.000195048128789339,-0.00101370259375023
"83","Ljams","Ljams1",3,0.493000001,10.84891129,53.46447372,-83.8668,35.9568,NA,NA,142,125,36,7859,308,-30,338,53,199,240,37,1253,129,74,14,345,254,324,331,-0.0340919876990113,0.0455888999856542,0.00239722805897852,0.00857503172700187,0.00603188614449365,-0.0101091528350015,-0.000797449895418318,3.57459766203896e-05,0.000195048128789339,-0.00101370259375023
"84","Ljams","Ljams3",1,0.492000014,9.618496895,56.05155563,-83.8668,35.9568,0.408,0.346,142,125,36,7859,308,-30,338,53,199,240,37,1253,129,74,14,345,254,324,331,-0.0343812321977804,0.0458173395654641,0.00220102474463295,0.0088469295197462,0.006375320406496,-0.0105104748019673,-0.000825672606765055,3.95604179635799e-05,0.000194374628362999,-0.000946777603328908
"85","Ljams","Ljams3",2,0.409000009,9.533781052,55.2871933,-83.8668,35.9568,0.379,0.325,142,125,36,7859,308,-30,338,53,199,240,37,1253,129,74,14,345,254,324,331,-0.0343812321977804,0.0458173395654641,0.00220102474463295,0.0088469295197462,0.006375320406496,-0.0105104748019673,-0.000825672606765055,3.95604179635799e-05,0.000194374628362999,-0.000946777603328908
"86","Ljams","Ljams3",3,0.481000006,10.06126595,55.04803085,-83.8668,35.9568,0.535,0.435,142,125,36,7859,308,-30,338,53,199,240,37,1253,129,74,14,345,254,324,331,-0.0343812321977804,0.0458173395654641,0.00220102474463295,0.0088469295197462,0.006375320406496,-0.0105104748019673,-0.000825672606765055,3.95604179635799e-05,0.000194374628362999,-0.000946777603328908
"87","LVA","LV8",1,0.411000013,10.57395267,53.73955536,-79.181,37.4211,NA,NA,134,129,37,7929,307,-39,346,215,29,234,29,1073,107,76,10,294,238,286,238,-0.0341037403436831,0.0461018409969915,0.00253993164298192,0.00917687291263521,0.00651391061258046,0.00409211787337982,-0.00519427725021526,2.58841747413175e-05,0.000413100247629062,-0.00244080298428545
"88","LVA","LV8",2,0.433999985,10.03582382,55.78144836,-79.181,37.4211,NA,NA,134,129,37,7929,307,-39,346,215,29,234,29,1073,107,76,10,294,238,286,238,-0.0341037403436831,0.0461018409969915,0.00253993164298192,0.00917687291263521,0.00651391061258046,0.00409211787337982,-0.00519427725021526,2.58841747413175e-05,0.000413100247629062,-0.00244080298428545
"89","LVA","LV8",3,0.541000009,6.003565788,65.77919006,-79.181,37.4211,NA,NA,134,129,37,7929,307,-39,346,215,29,234,29,1073,107,76,10,294,238,286,238,-0.0341037403436831,0.0461018409969915,0.00253993164298192,0.00917687291263521,0.00651391061258046,0.00409211787337982,-0.00519427725021526,2.58841747413175e-05,0.000413100247629062,-0.00244080298428545
"90","LVA","LVA11",1,0.564999998,10.13457775,55.79953003,-79.181,37.4211,0.511,0.353,134,129,37,7929,307,-39,346,215,29,234,29,1073,107,76,10,294,238,286,238,0.310251294457498,0.00471297402346556,0.00392649878466557,-0.000854441920482762,-0.00311836867790866,3.24205740359621e-05,-1.20275437473429e-05,-2.45569121481474e-05,-6.49603925973328e-05,-0.000147633566712073
"91","LVA","LVA11",2,0.485000014,7.532615662,61.23602676,-79.181,37.4211,0.568,0.549,134,129,37,7929,307,-39,346,215,29,234,29,1073,107,76,10,294,238,286,238,0.310251294457498,0.00471297402346556,0.00392649878466557,-0.000854441920482762,-0.00311836867790866,3.24205740359621e-05,-1.20275437473429e-05,-2.45569121481474e-05,-6.49603925973328e-05,-0.000147633566712073
"92","LVA","LVA11",3,0.675999999,9.724309921,56.08169937,-79.181,37.4211,0.672,0.556,134,129,37,7929,307,-39,346,215,29,234,29,1073,107,76,10,294,238,286,238,0.310251294457498,0.00471297402346556,0.00392649878466557,-0.000854441920482762,-0.00311836867790866,3.24205740359621e-05,-1.20275437473429e-05,-2.45569121481474e-05,-6.49603925973328e-05,-0.000147633566712073
"93","LVA","LVA2",1,0.504000008,8.785595894,59.00908279,-79.181,37.4211,0.692,0.427,134,129,37,7929,307,-39,346,215,29,234,29,1073,107,76,10,294,238,286,238,-0.0344516371417644,0.0463737714775621,0.0023052410470069,0.00949710165016699,0.00691852080067238,0.00402316550218685,-0.00491301355830864,2.43330202596555e-05,0.000359519649106309,-0.00207014913212916
"94","LVA","LVA2",2,0.628000021,8.764630318,58.64683151,-79.181,37.4211,0.551,0.768,134,129,37,7929,307,-39,346,215,29,234,29,1073,107,76,10,294,238,286,238,-0.0344516371417644,0.0463737714775621,0.0023052410470069,0.00949710165016699,0.00691852080067238,0.00402316550218685,-0.00491301355830864,2.43330202596555e-05,0.000359519649106309,-0.00207014913212916
"95","LVA","LVA2",3,0.398999989,10.38999176,55.51888275,-79.181,37.4211,0.441,0.35,134,129,37,7929,307,-39,346,215,29,234,29,1073,107,76,10,294,238,286,238,-0.0344516371417644,0.0463737714775621,0.0023052410470069,0.00949710165016699,0.00691852080067238,0.00402316550218685,-0.00491301355830864,2.43330202596555e-05,0.000359519649106309,-0.00207014913212916
"96","LVA","LVA3",1,0.518000007,9.389621735,55.81706238,-79.181,37.4211,0.368,0.288,134,129,37,7929,307,-39,346,215,29,234,29,1073,107,76,10,294,238,286,238,-0.0343246873432049,0.0461728844170338,0.00236705754781013,0.00924853515299341,0.00665651161281177,0.00198360812638684,-0.000891558482672045,-4.1585121811076e-06,-0.000124447578208735,0.000933845806435001
"97","LVA","LVA3",2,0.522000015,9.065710068,57.04894257,-79.181,37.4211,0.468,0.287,134,129,37,7929,307,-39,346,215,29,234,29,1073,107,76,10,294,238,286,238,-0.0343246873432049,0.0461728844170338,0.00236705754781013,0.00924853515299341,0.00665651161281177,0.00198360812638684,-0.000891558482672045,-4.1585121811076e-06,-0.000124447578208735,0.000933845806435001
"98","LVA","LVA3",3,0.49000001,9.448988914,55.7603569,-79.181,37.4211,NA,NA,134,129,37,7929,307,-39,346,215,29,234,29,1073,107,76,10,294,238,286,238,-0.0343246873432049,0.0461728844170338,0.00236705754781013,0.00924853515299341,0.00665651161281177,0.00198360812638684,-0.000891558482672045,-4.1585121811076e-06,-0.000124447578208735,0.000933845806435001
"99","LVA","LVA4",1,0.407999992,9.061667442,57.59062576,-79.181,37.4211,NA,NA,134,129,37,7929,307,-39,346,215,29,234,29,1073,107,76,10,294,238,286,238,-0.0362404122935437,0.0478494833774995,0.00110975261696184,0.0112572326063786,0.00910704387066022,0.00554895378102856,-0.00733843331623468,4.82350732495369e-05,0.000566960720001171,-0.00315620244527423
"100","LVA","LVA4",2,0.389999986,8.61181736,57.16867447,-79.181,37.4211,NA,NA,134,129,37,7929,307,-39,346,215,29,234,29,1073,107,76,10,294,238,286,238,-0.0362404122935437,0.0478494833774995,0.00110975261696184,0.0112572326063786,0.00910704387066022,0.00554895378102856,-0.00733843331623468,4.82350732495369e-05,0.000566960720001171,-0.00315620244527423
"101","LVA","LVA4",3,0.505999982,8.972106934,57.51485443,-79.181,37.4211,NA,NA,134,129,37,7929,307,-39,346,215,29,234,29,1073,107,76,10,294,238,286,238,-0.0362404122935437,0.0478494833774995,0.00110975261696184,0.0112572326063786,0.00910704387066022,0.00554895378102856,-0.00733843331623468,4.82350732495369e-05,0.000566960720001171,-0.00315620244527423
"102","LVA","LVA7",1,0.518999994,9.903290749,55.54821396,-79.181,37.4211,NA,NA,134,129,37,7929,307,-39,346,215,29,234,29,1073,107,76,10,294,238,286,238,NA,NA,NA,NA,NA,NA,NA,NA,NA,NA
"103","LVA","LVA7",2,0.476999998,6.333536625,63.9560318,-79.181,37.4211,NA,NA,134,129,37,7929,307,-39,346,215,29,234,29,1073,107,76,10,294,238,286,238,NA,NA,NA,NA,NA,NA,NA,NA,NA,NA
"104","LVA","LVA7",3,0.521000028,9.170519829,57.96492004,-79.181,37.4211,NA,NA,134,129,37,7929,307,-39,346,215,29,234,29,1073,107,76,10,294,238,286,238,NA,NA,NA,NA,NA,NA,NA,NA,NA,NA
"105","LVA","LVA9",1,0.703000009,6.607567787,63.09200668,-79.181,37.4211,NA,NA,134,129,37,7929,307,-39,346,215,29,234,29,1073,107,76,10,294,238,286,238,NA,NA,NA,NA,NA,NA,NA,NA,NA,NA
"106","LVA","LVA9",2,0.505999982,5.889474869,64.92760468,-79.181,37.4211,NA,NA,134,129,37,7929,307,-39,346,215,29,234,29,1073,107,76,10,294,238,286,238,NA,NA,NA,NA,NA,NA,NA,NA,NA,NA
"107","LVA","LVA9",3,0.565999985,6.979053974,62.83543015,-79.181,37.4211,NA,NA,134,129,37,7929,307,-39,346,215,29,234,29,1073,107,76,10,294,238,286,238,NA,NA,NA,NA,NA,NA,NA,NA,NA,NA
"108","MB","MB06",1,0.381000012,6.283729076,62.41703033,-72.64,44.5,0.37,0.261,54,113,27,10006,253,-151,404,177,-69,177,-82,1036,116,57,19,320,189,320,202,NA,NA,NA,NA,NA,NA,NA,NA,NA,NA
"109","MB","MB06",2,0.412,4.92416811,63.25123215,-72.64,44.5,0.486,0.302,54,113,27,10006,253,-151,404,177,-69,177,-82,1036,116,57,19,320,189,320,202,NA,NA,NA,NA,NA,NA,NA,NA,NA,NA
"110","MB","MB06",3,0.351000011,5.856265068,61.95484543,-72.64,44.5,0.37,0.215,54,113,27,10006,253,-151,404,177,-69,177,-82,1036,116,57,19,320,189,320,202,NA,NA,NA,NA,NA,NA,NA,NA,NA,NA
"111","MB","MB1",1,0.524999976,7.436549187,60.35598755,-72.64,44.5,0.408,0.299,54,113,27,10006,253,-151,404,177,-69,177,-82,1036,116,57,19,320,189,320,202,-0.0245423828718616,-0.0353057636747401,-0.00456315517030824,0.00279553350869371,-0.000419852012939914,2.61579775107394e-05,-9.71783418724635e-06,0.000641703555521945,-0.00029530254435374,-0.000129218623857949
"112","MB","MB1",2,0.5,6.624662399,61.59019852,-72.64,44.5,0.484,0.366,54,113,27,10006,253,-151,404,177,-69,177,-82,1036,116,57,19,320,189,320,202,-0.0245423828718616,-0.0353057636747401,-0.00456315517030824,0.00279553350869371,-0.000419852012939914,2.61579775107394e-05,-9.71783418724635e-06,0.000641703555521945,-0.00029530254435374,-0.000129218623857949
"113","MB","MB1",3,0.400000006,7.172618866,61.40869904,-72.64,44.5,0.521,0.347,54,113,27,10006,253,-151,404,177,-69,177,-82,1036,116,57,19,320,189,320,202,-0.0245423828718616,-0.0353057636747401,-0.00456315517030824,0.00279553350869371,-0.000419852012939914,2.61579775107394e-05,-9.71783418724635e-06,0.000641703555521945,-0.00029530254435374,-0.000129218623857949
"114","MB","MB2",1,0.326000005,7.411108494,60.91106796,-72.64,44.5,0.549,0.334,54,113,27,10006,253,-151,404,177,-69,177,-82,1036,116,57,19,320,189,320,202,NA,NA,NA,NA,NA,NA,NA,NA,NA,NA
"115","MB","MB2",2,0.356000006,6.95761776,62.13782501,-72.64,44.5,0.445,0.294,54,113,27,10006,253,-151,404,177,-69,177,-82,1036,116,57,19,320,189,320,202,NA,NA,NA,NA,NA,NA,NA,NA,NA,NA
"116","MB","MB2",3,0.465000004,6.421413898,63.04008102,-72.64,44.5,0.539,0.316,54,113,27,10006,253,-151,404,177,-69,177,-82,1036,116,57,19,320,189,320,202,NA,NA,NA,NA,NA,NA,NA,NA,NA,NA
"117","Nock","Nock6",1,0.453999996,10.02424812,55.4582634,-75.23473,40.4691,0.453,0.373,103,116,31,8801,290,-73,363,206,-13,215,-13,1176,114,75,11,328,254,324,254,-0.027219654227562,-0.0387226545240109,-0.00799474063052653,0.00507473902129585,0.00206622515930789,-4.84590583338198e-05,2.20311408039162e-05,-0.00118143675295226,0.000782224981302599,0.000242337260364572
"118","Nock","Nock6",2,0.499000013,9.565160751,56.16616821,-75.23473,40.4691,0.557,0.423,103,116,31,8801,290,-73,363,206,-13,215,-13,1176,114,75,11,328,254,324,254,-0.027219654227562,-0.0387226545240109,-0.00799474063052653,0.00507473902129585,0.00206622515930789,-4.84590583338198e-05,2.20311408039162e-05,-0.00118143675295226,0.000782224981302599,0.000242337260364572
"119","Notch","Notch1",1,0.740999997,11.16558552,54.38959503,-73.0043,42.4983,0.51,0.442,61,109,29,9267,248,-126,374,156,-51,177,-63,1237,118,87,9,337,272,331,278,-0.0265905542576648,-0.0376323033393095,-0.00704256672191548,0.00437576423579007,0.0014829988590142,-2.15800952388735e-05,5.93692889026651e-06,-0.00164726709378537,0.000577722977463067,-3.88101828197832e-05
"120","Notch","Notch1",2,0.734000027,10.11730671,55.17111969,-73.0043,42.4983,0.67,0.592,61,109,29,9267,248,-126,374,156,-51,177,-63,1237,118,87,9,337,272,331,278,-0.0265905542576648,-0.0376323033393095,-0.00704256672191548,0.00437576423579007,0.0014829988590142,-2.15800952388735e-05,5.93692889026651e-06,-0.00164726709378537,0.000577722977463067,-3.88101828197832e-05
"121","Notch","Notch3",1,0.545000017,10.22340298,55.18016434,-73.0043,42.4983,0.805,0.696,61,109,29,9267,248,-126,374,156,-51,177,-63,1237,118,87,9,337,272,331,278,-0.0248917998859792,-0.0357105744019016,-0.00498810305043443,0.00306729570642585,-9.84399948803753e-05,1.91927699848591e-05,-5.68152945073565e-06,-0.00161948592601361,0.00080646877385994,8.76406494104866e-06
"122","Notch","Notch3",2,0.528999984,10.98422146,52.90577316,-73.0043,42.4983,0.471,0.428,61,109,29,9267,248,-126,374,156,-51,177,-63,1237,118,87,9,337,272,331,278,-0.0248917998859792,-0.0357105744019016,-0.00498810305043443,0.00306729570642585,-9.84399948803753e-05,1.91927699848591e-05,-5.68152945073565e-06,-0.00161948592601361,0.00080646877385994,8.76406494104866e-06
"123","Notch","Notch4",1,0.619000018,10.43193245,54.66938019,-73.0043,42.4983,0.571,0.506,61,109,29,9267,248,-126,374,156,-51,177,-63,1237,118,87,9,337,272,331,278,-0.0270225124511594,-0.0383482475790755,-0.00767468077326146,0.00483172452439548,0.00187488356725601,-2.57676404081527e-05,-6.87604469740575e-06,0.00915916484559721,-0.00150967956457053,-6.52796118761649e-06
"124","Notch","Notch4",2,0.536000013,10.57964897,55.12866974,-73.0043,42.4983,0.581,0.543,61,109,29,9267,248,-126,374,156,-51,177,-63,1237,118,87,9,337,272,331,278,-0.0270225124511594,-0.0383482475790755,-0.00767468077326146,0.00483172452439548,0.00187488356725601,-2.57676404081527e-05,-6.87604469740575e-06,0.00915916484559721,-0.00150967956457053,-6.52796118761649e-06
"125","Notch","Notch4",3,0.460999995,10.21228027,55.57292938,-73.0043,42.4983,0.642,0.548,61,109,29,9267,248,-126,374,156,-51,177,-63,1237,118,87,9,337,272,331,278,-0.0270225124511594,-0.0383482475790755,-0.00767468077326146,0.00483172452439548,0.00187488356725601,-2.57676404081527e-05,-6.87604469740575e-06,0.00915916484559721,-0.00150967956457053,-6.52796118761649e-06
"126","NSP","NSP11",1,0.43900001,11.47324371,53.4160614,-74.91124,40.08038,0.551,0.479,118,114,32,8576,299,-54,353,220,5,227,5,1136,120,74,14,332,249,328,249,0.304834017507158,0.00471605082007578,0.00454590832278365,-0.00132034314525045,-0.00358906108492858,4.49544992961822e-05,-1.49435107129177e-05,-2.82399444526796e-05,-6.3598467957569e-05,-0.000132415038802386
"127","NSP","NSP11",2,0.617999971,10.33742046,54.96037674,-74.91124,40.08038,0.557,0.52,118,114,32,8576,299,-54,353,220,5,227,5,1136,120,74,14,332,249,328,249,0.304834017507158,0.00471605082007578,0.00454590832278365,-0.00132034314525045,-0.00358906108492858,4.49544992961822e-05,-1.49435107129177e-05,-2.82399444526796e-05,-6.3598467957569e-05,-0.000132415038802386
"128","NSP","NSP11",3,0.541000009,10.80026722,55.92677689,-74.91124,40.08038,0.517,0.443,118,114,32,8576,299,-54,353,220,5,227,5,1136,120,74,14,332,249,328,249,0.304834017507158,0.00471605082007578,0.00454590832278365,-0.00132034314525045,-0.00358906108492858,4.49544992961822e-05,-1.49435107129177e-05,-2.82399444526796e-05,-6.3598467957569e-05,-0.000132415038802386
"129","NSP","NSP2",1,0.713,8.693613052,59.4609642,-74.91124,40.08038,0.561,0.563,118,114,32,8576,299,-54,353,220,5,227,5,1136,120,74,14,332,249,328,249,-0.0307777434529184,-0.00621343552792114,0.0226288975447482,-0.0685297206352723,0.0496882121490292,-0.000153223682593803,7.65929406147767e-05,0.000152617948758874,0.000343238765614523,0.000723285817214167
"130","NSP","NSP2",2,0.448000014,9.410598755,52.47297668,-74.91124,40.08038,0.507,0.433,118,114,32,8576,299,-54,353,220,5,227,5,1136,120,74,14,332,249,328,249,-0.0307777434529184,-0.00621343552792114,0.0226288975447482,-0.0685297206352723,0.0496882121490292,-0.000153223682593803,7.65929406147767e-05,0.000152617948758874,0.000343238765614523,0.000723285817214167
"131","NSP","NSP2",3,0.437999994,9.959100723,56.37187576,-74.91124,40.08038,NA,NA,118,114,32,8576,299,-54,353,220,5,227,5,1136,120,74,14,332,249,328,249,-0.0307777434529184,-0.00621343552792114,0.0226288975447482,-0.0685297206352723,0.0496882121490292,-0.000153223682593803,7.65929406147767e-05,0.000152617948758874,0.000343238765614523,0.000723285817214167
"132","NSP","NSP3",1,0.579999983,10.37617302,55.92690659,-74.91124,40.08038,0.599,0.505,118,114,32,8576,299,-54,353,220,5,227,5,1136,120,74,14,332,249,328,249,-0.033331443448443,0.0448823679162257,0.00289632825406445,0.00771673506191531,0.00499523681534385,-0.000814788945988326,0.000578140008078978,-0.00012692701540077,-0.00120890282855028,0.00610445923317045
"133","NSP","NSP3",2,0.470999986,10.58464813,56.18149948,-74.91124,40.08038,0.637,0.501,118,114,32,8576,299,-54,353,220,5,227,5,1136,120,74,14,332,249,328,249,-0.033331443448443,0.0448823679162257,0.00289632825406445,0.00771673506191531,0.00499523681534385,-0.000814788945988326,0.000578140008078978,-0.00012692701540077,-0.00120890282855028,0.00610445923317045
"134","NSP","NSP3",3,0.603999972,10.25846195,55.92091751,-74.91124,40.08038,0.614,0.518,118,114,32,8576,299,-54,353,220,5,227,5,1136,120,74,14,332,249,328,249,-0.033331443448443,0.0448823679162257,0.00289632825406445,0.00771673506191531,0.00499523681534385,-0.000814788945988326,0.000578140008078978,-0.00012692701540077,-0.00120890282855028,0.00610445923317045
"135","RC","RC02",1,0.412999988,7.902225018,60.31302643,-79.0772,36.0364,0.412,0.36,145,133,39,7637,314,-27,341,241,99,241,44,1163,113,82,11,326,257,326,279,0.301539385816244,0.00471320982052445,0.00490921234459812,-0.0016022095434718,-0.00385853132120499,5.68667627275828e-05,-1.94140270372055e-05,-3.6817997571612e-05,-8.24199043297074e-05,-0.000170911479465716
"136","RC","RC06",1,0.501999974,6.777788162,62.83126831,-79.0772,36.0364,0.499,0.287,145,133,39,7637,314,-27,341,241,99,241,44,1163,113,82,11,326,257,326,279,-0.0331381598569257,0.0452393955990116,0.00316885345664922,0.00814364130725681,0.00526180368548088,0.00215847140830966,-0.00189027755687514,3.82426507156494e-07,0.000109008757440435,-0.000784764517379214
"137","RC","RC06",2,0.412999988,9.11119175,56.42629242,-79.0772,36.0364,0.529,0.283,145,133,39,7637,314,-27,341,241,99,241,44,1163,113,82,11,326,257,326,279,-0.0331381598569257,0.0452393955990116,0.00316885345664922,0.00814364130725681,0.00526180368548088,0.00215847140830966,-0.00189027755687514,3.82426507156494e-07,0.000109008757440435,-0.000784764517379214
"138","RC","RC06",3,0.497999996,9.844967842,56.99888611,-79.0772,36.0364,NA,NA,145,133,39,7637,314,-27,341,241,99,241,44,1163,113,82,11,326,257,326,279,-0.0331381598569257,0.0452393955990116,0.00316885345664922,0.00814364130725681,0.00526180368548088,0.00215847140830966,-0.00189027755687514,3.82426507156494e-07,0.000109008757440435,-0.000784764517379214
"139","RC","RC09",1,0.588999987,5.425163746,65.49016571,-79.0772,36.0364,0.458,0.278,145,133,39,7637,314,-27,341,241,99,241,44,1163,113,82,11,326,257,326,279,-0.0344752427215152,0.0463486368443052,0.00227752699657816,0.00946525468035769,0.00690158945255648,0.00314178563490186,-0.00304207504242443,1.18076771630532e-05,6.90090656166792e-05,3.28626641184221e-05
"140","RC","RC09",2,0.319000006,11.12409687,53.50719833,-79.0772,36.0364,NA,NA,145,133,39,7637,314,-27,341,241,99,241,44,1163,113,82,11,326,257,326,279,-0.0344752427215152,0.0463486368443052,0.00227752699657816,0.00946525468035769,0.00690158945255648,0.00314178563490186,-0.00304207504242443,1.18076771630532e-05,6.90090656166792e-05,3.28626641184221e-05
"141","RC","RC15",1,0.379999995,8.972652435,60.39741898,-79.0772,36.0364,NA,NA,145,133,39,7637,314,-27,341,241,99,241,44,1163,113,82,11,326,257,326,279,-0.0316803516620546,0.0437766797861117,0.00406928388981874,0.00640038932879482,0.0032286884034338,-0.00203227267448017,0.000143542251657529,-6.64630941027431e-05,-0.000538799019023666,0.00260880506301024
"142","RC","RC15",2,0.509000003,6.670194626,64.99949646,-79.0772,36.0364,NA,NA,145,133,39,7637,314,-27,341,241,99,241,44,1163,113,82,11,326,257,326,279,-0.0316803516620546,0.0437766797861117,0.00406928388981874,0.00640038932879482,0.0032286884034338,-0.00203227267448017,0.000143542251657529,-6.64630941027431e-05,-0.000538799019023666,0.00260880506301024
"143","RC","RC15",3,0.375999987,9.17079258,57.98231125,-79.0772,36.0364,NA,NA,145,133,39,7637,314,-27,341,241,99,241,44,1163,113,82,11,326,257,326,279,-0.0316803516620546,0.0437766797861117,0.00406928388981874,0.00640038932879482,0.0032286884034338,-0.00203227267448017,0.000143542251657529,-6.64630941027431e-05,-0.000538799019023666,0.00260880506301024
"144","RC","RC16",1,0.398000002,6.792525768,62.14713669,-79.0772,36.0364,0.522,0.299,145,133,39,7637,314,-27,341,241,99,241,44,1163,113,82,11,326,257,326,279,-0.035969455191328,0.0475673873212168,0.00127512324445063,0.0109181305892389,0.00871522900101999,0.00398506073814444,-0.00395136172242938,2.32542285089276e-05,4.00937403413474e-06,0.00102166436695481
"145","RC","RC16",2,0.629999995,6.316034317,63.17777634,-79.0772,36.0364,0.535,0.3,145,133,39,7637,314,-27,341,241,99,241,44,1163,113,82,11,326,257,326,279,-0.035969455191328,0.0475673873212168,0.00127512324445063,0.0109181305892389,0.00871522900101999,0.00398506073814444,-0.00395136172242938,2.32542285089276e-05,4.00937403413474e-06,0.00102166436695481
"146","RC","RC16",3,0.430000007,8.294092178,59.40278625,-79.0772,36.0364,NA,NA,145,133,39,7637,314,-27,341,241,99,241,44,1163,113,82,11,326,257,326,279,-0.035969455191328,0.0475673873212168,0.00127512324445063,0.0109181305892389,0.00871522900101999,0.00398506073814444,-0.00395136172242938,2.32542285089276e-05,4.00937403413474e-06,0.00102166436695481
"147","RW","RW5",1,0.458999991,10.1936903,54.23976898,-73.4855,44.4906,0.467,0.479,65,116,28,10061,268,-140,408,190,-58,190,-70,830,99,44,22,264,142,264,149,-0.0267838985155741,-0.0378880365354948,-0.00729982941726826,0.00455055955753277,0.00167111016749572,-3.93490763400895e-05,1.9751831439702e-05,-0.00287898519819255,-0.00155517165792526,-0.000424080305155782
"148","RW","RW5",2,0.43900001,9.492765427,55.73906326,-73.4855,44.4906,0.561,0.549,65,116,28,10061,268,-140,408,190,-58,190,-70,830,99,44,22,264,142,264,149,-0.0267838985155741,-0.0378880365354948,-0.00729982941726826,0.00455055955753277,0.00167111016749572,-3.93490763400895e-05,1.9751831439702e-05,-0.00287898519819255,-0.00155517165792526,-0.000424080305155782
"149","SEB","SEB2",1,0.537999988,9.723989487,56.57011414,-70.5828,43.9235,0.582,0.474,69,123,30,9549,266,-135,401,23,180,189,-59,1152,124,83,12,333,257,267,280,-0.0282703647400975,-0.0397230893140706,-0.00918202849093485,0.00578994407262309,0.00306517034786176,-7.4874625703942e-05,9.17222214298012e-06,0.00984676411989619,-0.000872093418384492,0.000311576166493446
"150","SEB","SEB2",2,0.568000019,9.945376396,55.16077423,-70.5828,43.9235,NA,NA,69,123,30,9549,266,-135,401,23,180,189,-59,1152,124,83,12,333,257,267,280,-0.0282703647400975,-0.0397230893140706,-0.00918202849093485,0.00578994407262309,0.00306517034786176,-7.4874625703942e-05,9.17222214298012e-06,0.00984676411989619,-0.000872093418384492,0.000311576166493446
"151","SEB","SEB3",1,0.284000009,8.751360893,55.34075165,-70.5828,43.9235,0.324,0.289,69,123,30,9549,266,-135,401,23,180,189,-59,1152,124,83,12,333,257,267,280,-0.0242164966723887,-0.035024629509249,-0.0042174667920791,0.00259856334084566,-0.000716708434803019,2.91191528279072e-05,-1.48113724646757e-05,0.00495316641395271,-0.00120536383104694,-0.000124196169091881
"152","SEB","SEB3",2,0.268999994,8.961263657,55.37582397,-70.5828,43.9235,NA,NA,69,123,30,9549,266,-135,401,23,180,189,-59,1152,124,83,12,333,257,267,280,-0.0242164966723887,-0.035024629509249,-0.0042174667920791,0.00259856334084566,-0.000716708434803019,2.91191528279072e-05,-1.48113724646757e-05,0.00495316641395271,-0.00120536383104694,-0.000124196169091881
"153","SEB","SEB9",1,0.518999994,10.82854939,54.53118896,-70.5828,43.9235,0.51,0.36,69,123,30,9549,266,-135,401,23,180,189,-59,1152,124,83,12,333,257,267,280,-0.0251901352728285,-0.0360519624251195,-0.0053534298826535,0.00330212495857789,0.000183341838286832,1.04490395896159e-05,-5.68135901313337e-06,0.000825873132707413,-0.00011814316575189,-6.93447799424772e-05
"154","SEB","SEB9",2,0.50999999,10.12537003,55.79123306,-70.5828,43.9235,NA,NA,69,123,30,9549,266,-135,401,23,180,189,-59,1152,124,83,12,333,257,267,280,-0.0251901352728285,-0.0360519624251195,-0.0053534298826535,0.00330212495857789,0.000183341838286832,1.04490395896159e-05,-5.68135901313337e-06,0.000825873132707413,-0.00011814316575189,-6.93447799424772e-05
"155","UNF","UNF3",1,0.488999993,8.038813591,59.1570549,-79.9745,35.3693,0.482,0.299,152,129,38,7508,317,-18,335,247,106,247,52,1197,126,79,13,349,260,349,290,-0.0495313380241064,0.0426995200776953,-0.035794176245669,-0.0341200711950113,-0.0412530769797439,0.000143542118048415,-7.74555365863891e-06,8.90182142951017e-06,3.57719323083488e-05,-6.35502505784241e-05
"156","UNF","UNF3",2,0.559000015,7.263091564,61.93978882,-79.9745,35.3693,0.573,0.372,152,129,38,7508,317,-18,335,247,106,247,52,1197,126,79,13,349,260,349,290,-0.0495313380241064,0.0426995200776953,-0.035794176245669,-0.0341200711950113,-0.0412530769797439,0.000143542118048415,-7.74555365863891e-06,8.90182142951017e-06,3.57719323083488e-05,-6.35502505784241e-05
"157","UNF","UNF3",3,0.460000008,7.354270458,60.70253754,-79.9745,35.3693,0.718,0.282,152,129,38,7508,317,-18,335,247,106,247,52,1197,126,79,13,349,260,349,290,-0.0495313380241064,0.0426995200776953,-0.035794176245669,-0.0341200711950113,-0.0412530769797439,0.000143542118048415,-7.74555365863891e-06,8.90182142951017e-06,3.57719323083488e-05,-6.35502505784241e-05
"158","UNF","UNF4",1,0.519999981,9.531561852,58.68821716,-79.9745,35.3693,NA,NA,152,129,38,7508,317,-18,335,247,106,247,52,1197,126,79,13,349,260,349,290,-0.0492849756446015,0.0425732631898763,-0.0354507319799218,-0.0340060551161505,-0.0411357373537843,0.000140788454777141,-1.33597454743807e-05,1.29187266288881e-06,1.08048702061449e-05,-0.00016733766848839
"159","UNF","UNF4",2,0.574000001,4.914301395,68.02509308,-79.9745,35.3693,NA,NA,152,129,38,7508,317,-18,335,247,106,247,52,1197,126,79,13,349,260,349,290,-0.0492849756446015,0.0425732631898763,-0.0354507319799218,-0.0340060551161505,-0.0411357373537843,0.000140788454777141,-1.33597454743807e-05,1.29187266288881e-06,1.08048702061449e-05,-0.00016733766848839
"160","UNF","UNF6",1,0.404000014,11.98163795,52.29030609,-79.9745,35.3693,0.463,0.302,152,129,38,7508,317,-18,335,247,106,247,52,1197,126,79,13,349,260,349,290,-0.0496210566891651,0.0427431814412515,-0.0359121750106688,-0.0341497129913219,-0.0412787893075046,0.000142447934729269,-5.31402223560878e-06,1.16059529745095e-05,4.3689830034593e-05,-5.80158372509403e-06
"161","UNF","UNF6",2,0.42899999,9.202172279,56.99621964,-79.9745,35.3693,0.349,0.371,152,129,38,7508,317,-18,335,247,106,247,52,1197,126,79,13,349,260,349,290,-0.0496210566891651,0.0427431814412515,-0.0359121750106688,-0.0341497129913219,-0.0412787893075046,0.000142447934729269,-5.31402223560878e-06,1.16059529745095e-05,4.3689830034593e-05,-5.80158372509403e-06
"162","UNF","UNF6",3,0.563000023,5.374641418,66.74061584,-79.9745,35.3693,0.471,0.308,152,129,38,7508,317,-18,335,247,106,247,52,1197,126,79,13,349,260,349,290,-0.0496210566891651,0.0427431814412515,-0.0359121750106688,-0.0341497129913219,-0.0412787893075046,0.000142447934729269,-5.31402223560878e-06,1.16059529745095e-05,4.3689830034593e-05,-5.80158372509403e-06
"163","UNF","UNF7",1,0.437000006,9.740524292,55.96107483,-79.9745,35.3693,0.382,0.347,152,129,38,7508,317,-18,335,247,106,247,52,1197,126,79,13,349,260,349,290,0.312275813417627,0.00471872798787649,0.00371349424969052,-0.000681025030579385,-0.00296536132290883,1.97925795975299e-05,-6.09716735182854e-06,-1.18900950488553e-05,-3.08684632541825e-05,-6.98466668697727e-05
"164","UNF","UNF7",2,0.250999987,10.94986248,52.62049484,-79.9745,35.3693,0.264,0.267,152,129,38,7508,317,-18,335,247,106,247,52,1197,126,79,13,349,260,349,290,0.312275813417627,0.00471872798787649,0.00371349424969052,-0.000681025030579385,-0.00296536132290883,1.97925795975299e-05,-6.09716735182854e-06,-1.18900950488553e-05,-3.08684632541825e-05,-6.98466668697727e-05
"165","UNF","UNF7",3,0.232999995,9.941926956,52.12378311,-79.9745,35.3693,0.352,0.352,152,129,38,7508,317,-18,335,247,106,247,52,1197,126,79,13,349,260,349,290,0.312275813417627,0.00471872798787649,0.00371349424969052,-0.000681025030579385,-0.00296536132290883,1.97925795975299e-05,-6.09716735182854e-06,-1.18900950488553e-05,-3.08684632541825e-05,-6.98466668697727e-05
"166","UNF","UNF8",1,0.531000018,9.574964523,58.77968597,-79.9745,35.3693,NA,NA,152,129,38,7508,317,-18,335,247,106,247,52,1197,126,79,13,349,260,349,290,-0.0492970329538206,0.042585702980811,-0.0354867958909694,-0.0340437103608007,-0.0411873974794785,0.000146437510196841,-1.35931244061654e-05,2.65640461922819e-06,1.95240499227872e-05,-0.000172603004364544
"167","UNF","UNF8",2,0.573000014,5.019738197,67.56964111,-79.9745,35.3693,NA,NA,152,129,38,7508,317,-18,335,247,106,247,52,1197,126,79,13,349,260,349,290,-0.0492970329538206,0.042585702980811,-0.0354867958909694,-0.0340437103608007,-0.0411873974794785,0.000146437510196841,-1.35931244061654e-05,2.65640461922819e-06,1.95240499227872e-05,-0.000172603004364544
"168","UNF","UNF8",3,0.287999988,6.63564682,61.72743607,-79.9745,35.3693,NA,NA,152,129,38,7508,317,-18,335,247,106,247,52,1197,126,79,13,349,260,349,290,-0.0492970329538206,0.042585702980811,-0.0354867958909694,-0.0340437103608007,-0.0411873974794785,0.000146437510196841,-1.35931244061654e-05,2.65640461922819e-06,1.95240499227872e-05,-0.000172603004364544
"169","WP","WP1",1,0.370000005,9.821694374,55.25839233,-76.0737,39.7284,NA,NA,115,111,31,8679,293,-60,353,202,12,224,-1,1119,110,71,12,319,241,317,244,0.321924598369823,0.0047109862081018,0.0026029784527529,0.000150508581632006,-0.00211766518487264,1.54169054630076e-06,-4.60992454504659e-06,-1.58113895682076e-05,-7.82379229149132e-05,-0.000222349657183804
"170","WP","WP11",1,0.444000006,12.16139889,51.31427765,-76.0737,39.7284,0.495,0.522,115,111,31,8679,293,-60,353,202,12,224,-1,1119,110,71,12,319,241,317,244,-0.0331818607535708,0.0449666097873671,0.00305693535524765,0.00780826502050891,0.00500143344536891,-0.00238262111203479,0.000313770962082206,-8.59961189422405e-05,-0.000975261066590696,0.00553423976193515
"171","WP","WP11",2,0.514999986,9.936172485,55.37888718,-76.0737,39.7284,0.403,0.365,115,111,31,8679,293,-60,353,202,12,224,-1,1119,110,71,12,319,241,317,244,-0.0331818607535708,0.0449666097873671,0.00305693535524765,0.00780826502050891,0.00500143344536891,-0.00238262111203479,0.000313770962082206,-8.59961189422405e-05,-0.000975261066590696,0.00553423976193515
"172","WP","WP11",3,0.486999989,8.191859245,59.88581848,-76.0737,39.7284,NA,NA,115,111,31,8679,293,-60,353,202,12,224,-1,1119,110,71,12,319,241,317,244,-0.0331818607535708,0.0449666097873671,0.00305693535524765,0.00780826502050891,0.00500143344536891,-0.00238262111203479,0.000313770962082206,-8.59961189422405e-05,-0.000975261066590696,0.00553423976193515
"173","WP","WP6",1,0.423999995,9.926039696,55.21993256,-76.0737,39.7284,0.563,0.549,115,111,31,8679,293,-60,353,202,12,224,-1,1119,110,71,12,319,241,317,244,-0.0301737509269005,0.042447012437485,0.005043857728791,0.00483440546586932,0.00133059435589877,-0.000796936527358683,0.000289404541670771,-0.00011345036343911,-0.000947148998088707,0.00493145769786596
"174","WP","WP6",2,0.349000007,9.295512199,55.19683075,-76.0737,39.7284,0.535,0.513,115,111,31,8679,293,-60,353,202,12,224,-1,1119,110,71,12,319,241,317,244,-0.0301737509269005,0.042447012437485,0.005043857728791,0.00483440546586932,0.00133059435589877,-0.000796936527358683,0.000289404541670771,-0.00011345036343911,-0.000947148998088707,0.00493145769786596
"175","WP","WP6",3,0.523000002,11.81464863,51.98450089,-76.0737,39.7284,NA,NA,115,111,31,8679,293,-60,353,202,12,224,-1,1119,110,71,12,319,241,317,244,-0.0301737509269005,0.042447012437485,0.005043857728791,0.00483440546586932,0.00133059435589877,-0.000796936527358683,0.000289404541670771,-0.00011345036343911,-0.000947148998088707,0.00493145769786596
"176","WP","WP8",1,0.386999995,10.11979675,57.18434525,-76.0737,39.7284,0.493,0.514,115,111,31,8679,293,-60,353,202,12,224,-1,1119,110,71,12,319,241,317,244,NA,NA,NA,NA,NA,NA,NA,NA,NA,NA
"177","WP","WP8",2,0.374000013,12.51043797,52.49240112,-76.0737,39.7284,0.472,0.436,115,111,31,8679,293,-60,353,202,12,224,-1,1119,110,71,12,319,241,317,244,NA,NA,NA,NA,NA,NA,NA,NA,NA,NA
"178","WP","WP8",3,0.44600001,11.92461395,53.98878098,-76.0737,39.7284,NA,NA,115,111,31,8679,293,-60,353,202,12,224,-1,1119,110,71,12,319,241,317,244,NA,NA,NA,NA,NA,NA,NA,NA,NA,NA
"179","WP","WP9",1,0.453000009,10.35001373,54.58308029,-76.0737,39.7284,NA,NA,115,111,31,8679,293,-60,353,202,12,224,-1,1119,110,71,12,319,241,317,244,-0.0337279674129044,0.0452208621837299,0.00264156041715052,0.00810458661949173,0.00546734682411804,-0.00097428119401676,0.000763096373307242,-0.000188630850530678,-0.00223531060514034,0.0133325436910222
"180","WP","WP9",2,0.460999995,9.181080818,57.41587448,-76.0737,39.7284,NA,NA,115,111,31,8679,293,-60,353,202,12,224,-1,1119,110,71,12,319,241,317,244,-0.0337279674129044,0.0452208621837299,0.00264156041715052,0.00810458661949173,0.00546734682411804,-0.00097428119401676,0.000763096373307242,-0.000188630850530678,-0.00223531060514034,0.0133325436910222
"181","WP","WP9",3,0.493999988,9.891561508,56.12722397,-76.0737,39.7284,NA,NA,115,111,31,8679,293,-60,353,202,12,224,-1,1119,110,71,12,319,241,317,244,-0.0337279674129044,0.0452208621837299,0.00264156041715052,0.00810458661949173,0.00546734682411804,-0.00097428119401676,0.000763096373307242,-0.000188630850530678,-0.00223531060514034,0.0133325436910222
"182","YM","YM01",1,0.592999995,7.914554119,61.23656845,-78.6897,35.7214,0.763,0.415,154,125,37,7515,315,-15,330,248,108,248,54,1149,120,76,14,334,247,334,279,-0.0334832465744431,0.0455196776855444,0.00293913927844195,0.00847327774476464,0.00567258372620578,0.00181230083643811,0.00459375724203496,3.04029558146471e-05,0.000193883904806853,-0.00099686892653545
"183","YM","YM01",2,0.456999987,9.374497414,57.83540726,-78.6897,35.7214,0.683,0.354,154,125,37,7515,315,-15,330,248,108,248,54,1149,120,76,14,334,247,334,279,-0.0334832465744431,0.0455196776855444,0.00293913927844195,0.00847327774476464,0.00567258372620578,0.00181230083643811,0.00459375724203496,3.04029558146471e-05,0.000193883904806853,-0.00099686892653545
"184","YM","YM02",1,0.64200002,6.828670502,63.59321213,-78.6897,35.7214,0.608,0.364,154,125,37,7515,315,-15,330,248,108,248,54,1149,120,76,14,334,247,334,279,-0.0339442447895287,0.0459146222924824,0.00263494363538778,0.00894469677970087,0.00625134338713954,0.00225524785051172,0.00653343311355017,5.34628304381496e-05,0.000346147987632137,-0.00173901529063301
"185","YM","YM02",2,0.56099999,6.216927528,64.47652435,-78.6897,35.7214,0.445,0.358,154,125,37,7515,315,-15,330,248,108,248,54,1149,120,76,14,334,247,334,279,-0.0339442447895287,0.0459146222924824,0.00263494363538778,0.00894469677970087,0.00625134338713954,0.00225524785051172,0.00653343311355017,5.34628304381496e-05,0.000346147987632137,-0.00173901529063301
"186","YM","YM03",1,0.460000008,8.249097824,59.59472656,-78.6897,35.7214,NA,NA,154,125,37,7515,315,-15,330,248,108,248,54,1149,120,76,14,334,247,334,279,-0.031865361528518,0.0441755736485599,0.00401194053686969,0.00688179760785263,0.00370234230466661,0.000988151857386351,0.00168625938229782,-1.70262744255454e-06,4.98320136525948e-05,-0.000442566849760042
